DATE,USD_COF_3Y,USD_COF_5Y
1/1/2021,0.003125,0.00514
1/2/2021,0.003125,0.00514
1/3/2021,0.003125,0.00514
1/4/2021,0.003125,0.00514
1/5/2021,0.003225,0.00534
1/6/2021,0.003425,0.00574
1/7/2021,0.003525,0.00594
1/8/2021,0.003825,0.00634
1/9/2021,0.003825,0.00634
1/10/2021,0.003825,0.00634
1/11/2021,0.003625,0.00644
1/12/2021,0.003725,0.00644
1/13/2021,0.003725,0.00634
1/14/2021,0.003725,0.00634
1/15/2021,0.003325,0.00594
1/16/2021,0.003325,0.00594
1/17/2021,0.003325,0.00594
1/18/2021,0.003325,0.00594
1/19/2021,0.003425,0.00584
1/20/2021,0.003325,0.00594
1/21/2021,0.003225,0.00584
1/22/2021,0.003325,0.00584
1/23/2021,0.003325,0.00584
1/24/2021,0.003325,0.00584
1/25/2021,0.002925,0.00544
1/26/2021,0.003325,0.00574
1/27/2021,0.003125,0.00544
1/28/2021,0.003225,0.00564
1/29/2021,0.003325,0.00594
1/30/2021,0.003325,0.00594
1/31/2021,0.003325,0.00594
2/1/2021,0.003025,0.00554
2/2/2021,0.003025,0.00574
2/3/2021,0.003525,0.00624
2/4/2021,0.003325,0.00614
2/5/2021,0.003525,0.00634
2/6/2021,0.003525,0.00634
2/7/2021,0.003525,0.00634
2/8/2021,0.003525,0.00634
2/9/2021,0.003525,0.00644
2/10/2021,0.003425,0.00614
2/11/2021,0.003425,0.00614
2/12/2021,0.003525,0.00654
2/13/2021,0.003525,0.00654
2/14/2021,0.003525,0.00654
2/15/2021,0.003525,0.00654
2/16/2021,0.003825,0.00724
2/17/2021,0.003525,0.00714
2/18/2021,0.003625,0.00714
2/19/2021,0.003625,0.00734
2/20/2021,0.003625,0.00734
2/21/2021,0.003625,0.00734
2/22/2021,0.003725,0.00764
2/23/2021,0.003725,0.00744
2/24/2021,0.004025,0.00784
2/25/2021,0.004925,0.00964
2/26/2021,0.004525,0.00904
2/27/2021,0.004525,0.00904
2/28/2021,0.004525,0.00904
3/1/2021,0.004025,0.00844
3/2/2021,0.004025,0.00814
3/3/2021,0.004325,0.00874
3/4/2021,0.004625,0.00914
3/5/2021,0.004725,0.00944
3/6/2021,0.004725,0.00944
3/7/2021,0.004725,0.00944
3/8/2021,0.004725,0.00994
3/9/2021,0.004825,0.00964
3/10/2021,0.004625,0.00944
3/11/2021,0.004525,0.00924
3/12/2021,0.004925,0.01004
3/13/2021,0.004925,0.01004
3/14/2021,0.004925,0.01004
3/15/2021,0.004725,0.00984
3/16/2021,0.005025,0.01004
3/17/2021,0.004625,0.00974
3/18/2021,0.005125,0.01044
3/19/2021,0.005225,0.01094
3/20/2021,0.005225,0.01094
3/21/2021,0.005225,0.01094
3/22/2021,0.004825,0.01034
3/23/2021,0.005025,0.01024
3/24/2021,0.004925,0.01014
3/25/2021,0.004725,0.00994
3/26/2021,0.004925,0.01034
3/27/2021,0.004925,0.01034
3/28/2021,0.004925,0.01034
3/29/2021,0.004925,0.01064
3/30/2021,0.005125,0.01084
3/31/2021,0.005125,0.01084
4/1/2021,0.005325,0.01084
4/2/2021,0.005725,0.01154
4/3/2021,0.005725,0.01154
4/4/2021,0.005725,0.01154
4/5/2021,0.005525,0.01124
4/6/2021,0.005325,0.01064
4/7/2021,0.005125,0.01044
4/8/2021,0.005125,0.01034
4/9/2021,0.005225,0.01044
4/10/2021,0.005225,0.01044
4/11/2021,0.005225,0.01044
4/12/2021,0.005525,0.01064
4/13/2021,0.005025,0.01004
4/14/2021,0.005125,0.01034
4/15/2021,0.004925,0.00984
4/16/2021,0.005125,0.01014
4/17/2021,0.005125,0.01014
4/18/2021,0.005125,0.01014
4/19/2021,0.005125,0.01024
4/20/2021,0.004625,0.00964
4/21/2021,0.004625,0.00954
4/22/2021,0.004725,0.00964
4/23/2021,0.004925,0.00984
4/24/2021,0.004925,0.00984
4/25/2021,0.004925,0.00984
4/26/2021,0.005025,0.01004
4/27/2021,0.005325,0.01054
4/28/2021,0.005325,0.01044
4/29/2021,0.005225,0.01034
4/30/2021,0.005225,0.01034
5/1/2021,0.005225,0.01034
5/2/2021,0.005225,0.01034
5/3/2021,0.005025,0.01014
5/4/2021,0.004925,0.00984
5/5/2021,0.004725,0.00954
5/6/2021,0.004625,0.00954
5/7/2021,0.004325,0.00914
5/8/2021,0.004325,0.00914
5/9/2021,0.004325,0.00914
5/10/2021,0.004725,0.00954
5/11/2021,0.004625,0.00954
5/12/2021,0.004825,0.01004
5/13/2021,0.004725,0.00984
5/14/2021,0.004825,0.00974
5/15/2021,0.004825,0.00974
5/16/2021,0.004825,0.00974
5/17/2021,0.004725,0.00974
5/18/2021,0.004825,0.00974
5/19/2021,0.004925,0.01014
5/20/2021,0.004825,0.00974
5/21/2021,0.004825,0.00984
5/22/2021,0.004825,0.00984
5/23/2021,0.004825,0.00984
5/24/2021,0.004425,0.00944
5/25/2021,0.004225,0.00914
5/26/2021,0.004325,0.00924
5/27/2021,0.004225,0.00924
5/28/2021,0.004225,0.00914
5/29/2021,0.004225,0.00914
5/30/2021,0.004225,0.00914
5/31/2021,0.004225,0.00914
6/1/2021,0.004225,0.00924
6/2/2021,0.004125,0.00914
6/3/2021,0.004525,0.00954
6/4/2021,0.004325,0.00894
6/5/2021,0.004325,0.00894
6/6/2021,0.004325,0.00894
6/7/2021,0.004325,0.00894
6/8/2021,0.004325,0.00884
6/9/2021,0.004025,0.00844
6/10/2021,0.003925,0.00824
6/11/2021,0.004025,0.00854
6/12/2021,0.004025,0.00854
6/13/2021,0.004025,0.00854
6/14/2021,0.004225,0.00894
6/15/2021,0.004325,0.00884
6/16/2021,0.004925,0.00974
6/17/2021,0.005225,0.00994
6/18/2021,0.005525,0.00974
6/19/2021,0.005525,0.00974
6/20/2021,0.005525,0.00974
6/21/2021,0.005725,0.00994
6/22/2021,0.005325,0.00964
6/23/2021,0.005725,0.01004
6/24/2021,0.005825,0.01004
6/25/2021,0.005725,0.01014
6/26/2021,0.005725,0.01014
6/27/2021,0.005725,0.01014
6/28/2021,0.005725,0.01004
6/29/2021,0.005725,0.00994
6/30/2021,0.005625,0.00974
7/1/2021,0.005625,0.00984
7/2/2021,0.005425,0.00954
7/3/2021,0.005425,0.00954
7/4/2021,0.005425,0.00954
7/5/2021,0.005425,0.00954
7/6/2021,0.005025,0.00894
7/7/2021,0.004825,0.00864
7/8/2021,0.004325,0.00804
7/9/2021,0.004825,0.00864
7/10/2021,0.004825,0.00864
7/11/2021,0.004825,0.00864
7/12/2021,0.005125,0.00894
7/13/2021,0.005525,0.00934
7/14/2021,0.005125,0.00874
7/15/2021,0.005125,0.00864
7/16/2021,0.005125,0.00874
7/17/2021,0.005125,0.00874
7/18/2021,0.005125,0.00874
7/19/2021,0.004625,0.00784
7/20/2021,0.004625,0.00784
7/21/2021,0.004825,0.00834
7/22/2021,0.004525,0.00794
7/23/2021,0.004625,0.00804
7/24/2021,0.004625,0.00804
7/25/2021,0.004625,0.00804
7/26/2021,0.004625,0.00814
7/27/2021,0.004525,0.00794
7/28/2021,0.004625,0.00804
7/29/2021,0.004425,0.00804
7/30/2021,0.004125,0.00754
7/31/2021,0.004125,0.00754
8/1/2021,0.004125,0.00754
8/2/2021,0.004025,0.00734
8/3/2021,0.004025,0.00724
8/4/2021,0.004125,0.00744
8/5/2021,0.004625,0.00804
8/6/2021,0.004925,0.00844
8/7/2021,0.004925,0.00844
8/8/2021,0.004925,0.00844
8/9/2021,0.005025,0.00864
8/10/2021,0.005425,0.00894
8/11/2021,0.005225,0.00884
8/12/2021,0.005225,0.00894
8/13/2021,0.005025,0.00854
8/14/2021,0.005025,0.00854
8/15/2021,0.005025,0.00854
8/16/2021,0.004825,0.00814
8/17/2021,0.004925,0.00834
8/18/2021,0.004925,0.00854
8/19/2021,0.005125,0.00854
8/20/2021,0.005225,0.00884
8/21/2021,0.005225,0.00884
8/22/2021,0.005225,0.00884
8/23/2021,0.005125,0.00864
8/24/2021,0.005125,0.00874
8/25/2021,0.005325,0.00904
8/26/2021,0.005325,0.00914
8/27/2021,0.004825,0.00864
8/28/2021,0.004825,0.00864
8/29/2021,0.004825,0.00864
8/30/2021,0.004725,0.00844
8/31/2021,0.004825,0.00854
9/1/2021,0.004925,0.00854
9/2/2021,0.004925,0.00854
9/3/2021,0.004925,0.00854
9/4/2021,0.004925,0.00854
9/5/2021,0.004925,0.00854
9/6/2021,0.004925,0.00854
9/7/2021,0.005225,0.00894
9/8/2021,0.005025,0.00884
9/9/2021,0.005025,0.00864
9/10/2021,0.005225,0.00894
9/11/2021,0.005225,0.00894
9/12/2021,0.005225,0.00894
9/13/2021,0.005025,0.00874
9/14/2021,0.005125,0.00874
9/15/2021,0.005125,0.00894
9/16/2021,0.005425,0.00924
9/17/2021,0.005525,0.00964
9/18/2021,0.005525,0.00964
9/19/2021,0.005525,0.00964
9/20/2021,0.005425,0.00924
9/21/2021,0.005625,0.00944
9/22/2021,0.005825,0.00964
9/23/2021,0.006325,0.01044
9/24/2021,0.006525,0.01074
9/25/2021,0.006525,0.01074
9/26/2021,0.006525,0.01074
9/27/2021,0.006525,0.01074
9/28/2021,0.006425,0.01114
9/29/2021,0.006425,0.01104
9/30/2021,0.006225,0.01074
10/1/2021,0.005825,0.01024
10/2/2021,0.005825,0.01024
10/3/2021,0.005825,0.01024
10/4/2021,0.006125,0.01044
10/5/2021,0.006225,0.01064
10/6/2021,0.006325,0.01074
10/7/2021,0.006425,0.01094
10/8/2021,0.006625,0.01124
10/9/2021,0.006625,0.01124
10/10/2021,0.006625,0.01124
10/11/2021,0.006625,0.01124
10/12/2021,0.007125,0.01154
10/13/2021,0.007325,0.01164
10/14/2021,0.006925,0.01124
10/15/2021,0.007725,0.01204
10/16/2021,0.007725,0.01204
10/17/2021,0.007725,0.01204
10/18/2021,0.007925,0.01234
10/19/2021,0.007925,0.01254
10/20/2021,0.007825,0.01244
10/21/2021,0.008425,0.01294
10/22/2021,0.008525,0.01284
10/23/2021,0.008525,0.01284
10/24/2021,0.008525,0.01284
10/25/2021,0.008325,0.01264
10/26/2021,0.008525,0.01284
10/27/2021,0.008425,0.01234
10/28/2021,0.008425,0.01254
10/29/2021,0.008325,0.01264
10/30/2021,0.008325,0.01264
10/31/2021,0.008325,0.01264
11/1/2021,0.008825,0.01294
11/2/2021,0.008325,0.01254
11/3/2021,0.008625,0.01284
11/4/2021,0.007925,0.01204
11/5/2021,0.007525,0.01134
11/6/2021,0.007525,0.01134
11/7/2021,0.007525,0.01134
11/8/2021,0.008425,0.01224
11/9/2021,0.008225,0.01194
11/10/2021,0.009325,0.01334
11/11/2021,0.009325,0.01334
11/12/2021,0.009625,0.01354
11/13/2021,0.009625,0.01354
11/14/2021,0.009625,0.01354
11/15/2021,0.009825,0.01374
11/16/2021,0.009825,0.01384
11/17/2021,0.009625,0.01354
11/18/2021,0.009525,0.01334
11/19/2021,0.009725,0.01334
11/20/2021,0.009725,0.01334
11/21/2021,0.009725,0.01334
11/22/2021,0.010725,0.01454
11/23/2021,0.010725,0.01454
11/24/2021,0.010925,0.01464
11/25/2021,0.010925,0.01464
11/26/2021,0.009325,0.01284
11/27/2021,0.009325,0.01284
11/28/2021,0.009325,0.01284
11/29/2021,0.009425,0.01294
11/30/2021,0.009325,0.01264
12/1/2021,0.009625,0.01264
12/2/2021,0.010325,0.01344
12/3/2021,0.009925,0.01264
12/4/2021,0.009925,0.01264
12/5/2021,0.009925,0.01264
12/6/2021,0.010425,0.01344
12/7/2021,0.011325,0.01404
12/8/2021,0.011225,0.01404
12/9/2021,0.011325,0.01404
12/10/2021,0.011225,0.01394
12/11/2021,0.011225,0.01394
12/12/2021,0.011225,0.01394
12/13/2021,0.011025,0.01364
12/14/2021,0.011425,0.01394
12/15/2021,0.011625,0.01424
12/16/2021,0.010825,0.01354
12/17/2021,0.010925,0.01344
12/18/2021,0.010925,0.01344
12/19/2021,0.010925,0.01344
12/20/2021,0.010525,0.01314
12/21/2021,0.011125,0.01394
12/22/2021,0.010925,0.01364
12/23/2021,0.011125,0.01394
12/24/2021,0.011125,0.01394
12/25/2021,0.011125,0.01394
12/26/2021,0.011125,0.01394
12/27/2021,0.011225,0.01404
12/28/2021,0.011325,0.01414
12/29/2021,0.011625,0.01464
12/30/2021,0.011425,0.01434
12/31/2021,0.011225,0.01414
